Product,UAE Volume,Saudi Volume,Oman Volume,Qatar Volume,Total MEA,Best Geographic Target
Pellet Mill,85,55,35,30,205,UAE - Highest volume and established market
Hammer Mill,75,50,30,25,180,UAE - Primary market with good volume
Twin Shaft Mixer,60,45,30,20,155,UAE - Strong market presence
Twin Screw Extruder,55,40,25,20,140,UAE - Primary market
Feed Dryer,50,35,25,20,130,UAE - Established market
Feed Cooler,45,30,20,18,113,UAE - Primary market
Water Treatment Plant,120,90,60,55,325,UAE - Highest volume and demand
Steam Boiler,80,65,50,45,240,UAE - Strong industrial base
Homogenizer/Pasteurizer,55,40,30,25,150,UAE - Primary market
Carbonator,40,30,20,18,108,UAE - Primary market
Rotary Filling Machine,70,55,40,35,200,UAE - Strong packaging industry
Piston Filling Machine,65,50,35,30,180,UAE - Primary market
Labeling Machine,85,65,45,40,235,UAE - Strong packaging demand
PET Blowing Machine,75,60,45,40,220,UAE - Primary market
Stainless Steel Tanks,110,85,60,55,310,UAE - Highest volume
Fermentation Tank,60,45,35,30,170,UAE - Primary market
Animal Feed Production Line,95,75,50,40,260,UAE - Highest volume and turnkey demand
Aquatic Feed Production Line,70,55,45,40,210,UAE - Primary market

